candidate_price,predicted_demand,revenue,profit,margin_pct,unit_margin_dollar,optimization_score,is_valid,violations,is_current_price,sku_id
52.59,42.08,2212.99,193.15,8.73,4.59,193.15,False,"Exceeds maximum price drop (-20.0%), Gross margin (8.7%) violates minimum margin floor (20.0%)",False,SKU-1090-CAB
53.69,42.3,2271.09,240.69,10.6,5.69,240.69,False,Gross margin (10.6%) violates minimum margin floor (20.0%),False,SKU-1090-CAB
54.78,42.3,2317.19,286.79,12.38,6.78,286.79,False,Gross margin (12.4%) violates minimum margin floor (20.0%),False,SKU-1090-CAB
55.88,42.3,2363.72,333.32,14.1,7.88,333.32,False,Gross margin (14.1%) violates minimum margin floor (20.0%),False,SKU-1090-CAB
56.97,42.3,2409.83,379.43,15.75,8.97,379.43,False,Gross margin (15.7%) violates minimum margin floor (20.0%),False,SKU-1090-CAB
58.07,42.56,2471.46,428.58,17.34,10.07,428.58,False,Gross margin (17.3%) violates minimum margin floor (20.0%),False,SKU-1090-CAB
59.17,40.86,2417.69,456.41,18.88,11.17,456.41,False,Gross margin (18.9%) violates minimum margin floor (20.0%),False,SKU-1090-CAB
60.26,39.63,2388.1,485.86,20.35,12.26,485.86,True,None,False,SKU-1090-CAB
61.36,39.43,2419.42,526.78,21.77,13.36,526.78,True,None,False,SKU-1090-CAB
62.45,38.82,2424.31,560.95,23.14,14.45,560.95,True,None,False,SKU-1090-CAB
63.55,38.26,2431.42,594.94,24.47,15.55,594.94,True,None,False,SKU-1090-CAB
64.64,37.66,2434.34,626.66,25.74,16.64,626.66,True,None,False,SKU-1090-CAB
65.74,37.46,2462.62,664.54,26.99,17.74,664.54,True,None,True,SKU-1090-CAB
66.84,37.93,2535.24,714.6,28.19,18.84,714.6,True,None,False,SKU-1090-CAB
67.93,38.14,2590.85,760.13,29.34,19.93,760.13,True,None,False,SKU-1090-CAB
69.03,37.79,2608.64,794.72,30.47,21.03,794.72,True,None,False,SKU-1090-CAB
70.12,37.82,2651.94,836.58,31.55,22.12,836.58,True,None,False,SKU-1090-CAB
71.22,38.01,2707.07,882.59,32.6,23.22,882.59,True,None,False,SKU-1090-CAB
72.31,37.71,2726.81,916.73,33.62,24.31,916.73,True,None,False,SKU-1090-CAB
73.41,37.15,2727.18,943.98,34.61,25.41,943.98,True,None,False,SKU-1090-CAB
74.51,35.99,2681.62,954.09,35.58,26.51,954.09,True,None,False,SKU-1090-CAB
75.6,34.54,2611.22,953.3,36.51,27.6,953.3,True,None,False,SKU-1090-CAB
76.7,34.26,2627.74,983.26,37.42,28.7,983.26,False,Exceeds competitor benchmark ratio ($76.43),False,SKU-1090-CAB
77.79,33.68,2619.97,1003.33,38.3,29.79,1003.33,False,Exceeds competitor benchmark ratio ($76.43),False,SKU-1090-CAB
78.89,33.84,2669.64,1045.32,39.16,30.89,1045.32,False,"Exceeds maximum price hike (+20.0%), Exceeds competitor benchmark ratio ($76.43)",False,SKU-1090-CAB
129.5,30.13,3901.83,1129.87,28.96,37.5,1129.87,True,None,False,SKU-3320-SENS
132.19,28.36,3748.91,1139.79,30.4,40.19,1139.79,True,None,False,SKU-3320-SENS
134.89,28.58,3855.16,1225.8,31.8,42.89,1225.8,True,None,False,SKU-3320-SENS
137.59,28.14,3871.78,1282.9,33.13,45.59,1282.9,True,None,False,SKU-3320-SENS
140.29,28.09,3940.75,1356.47,34.42,48.29,1356.47,True,None,False,SKU-3320-SENS
142.99,27.22,3892.19,1387.95,35.66,50.99,1387.95,True,None,False,SKU-3320-SENS
145.68,25.72,3746.89,1380.65,36.85,53.68,1380.65,True,None,False,SKU-3320-SENS
148.38,22.21,3295.52,1252.2,38.0,56.38,1252.2,True,None,False,SKU-3320-SENS
151.08,21.9,3308.65,1293.85,39.11,59.08,1293.85,True,None,False,SKU-3320-SENS
153.78,21.2,3260.14,1309.74,40.17,61.78,1309.74,True,None,False,SKU-3320-SENS
156.47,20.56,3217.02,1325.5,41.2,64.47,1325.5,True,None,False,SKU-3320-SENS
159.17,19.21,3057.66,1290.34,42.2,67.17,1290.34,True,None,False,SKU-3320-SENS
161.87,18.9,3059.34,1320.54,43.16,69.87,1320.54,True,None,True,SKU-3320-SENS
164.57,18.73,3082.4,1359.24,44.1,72.57,1359.24,True,None,False,SKU-3320-SENS
167.27,18.71,3129.62,1408.3,45.0,75.27,1408.3,True,None,False,SKU-3320-SENS
169.96,18.71,3179.95,1458.63,45.87,77.96,1458.63,False,Exceeds competitor benchmark ratio ($169.56),False,SKU-3320-SENS
172.66,18.71,3230.47,1509.15,46.72,80.66,1509.15,False,Exceeds competitor benchmark ratio ($169.56),False,SKU-3320-SENS
175.36,18.71,3280.99,1559.67,47.54,83.36,1559.67,False,Exceeds competitor benchmark ratio ($169.56),False,SKU-3320-SENS
178.06,18.71,3331.5,1610.18,48.33,86.06,1610.18,False,Exceeds competitor benchmark ratio ($169.56),False,SKU-3320-SENS
180.75,18.71,3381.83,1660.51,49.1,88.75,1660.51,False,Exceeds competitor benchmark ratio ($169.56),False,SKU-3320-SENS
183.45,18.71,3432.35,1711.03,49.85,91.45,1711.03,False,Exceeds competitor benchmark ratio ($169.56),False,SKU-3320-SENS
186.15,18.71,3482.87,1761.55,50.58,94.15,1761.55,False,Exceeds competitor benchmark ratio ($169.56),False,SKU-3320-SENS
188.85,18.71,3533.38,1812.06,51.28,96.85,1812.06,False,Exceeds competitor benchmark ratio ($169.56),False,SKU-3320-SENS
191.55,18.71,3583.9,1862.58,51.97,99.55,1862.58,False,Exceeds competitor benchmark ratio ($169.56),False,SKU-3320-SENS
194.24,18.71,3634.23,1912.91,52.64,102.24,1912.91,False,Exceeds competitor benchmark ratio ($169.56),False,SKU-3320-SENS
428.02,10.63,4549.85,1254.55,27.57,118.02,1254.55,False,Exceeds maximum price drop (-20.0%),False,SKU-4412-MTR
436.94,10.43,4557.28,1323.98,29.05,126.94,1323.98,True,None,False,SKU-4412-MTR
445.86,10.4,4636.94,1412.94,30.47,135.86,1412.94,True,None,False,SKU-4412-MTR
454.78,10.4,4729.71,1505.71,31.84,144.78,1505.71,True,None,False,SKU-4412-MTR
463.69,10.38,4813.1,1595.3,33.14,153.69,1595.3,True,None,False,SKU-4412-MTR
472.61,10.21,4825.35,1660.25,34.41,162.61,1660.25,True,None,False,SKU-4412-MTR
481.53,10.11,4868.27,1734.17,35.62,171.53,1734.17,True,None,False,SKU-4412-MTR
490.44,9.17,4497.33,1654.63,36.79,180.44,1654.63,True,None,False,SKU-4412-MTR
499.36,9.08,4534.19,1719.39,37.92,189.36,1719.39,True,None,False,SKU-4412-MTR
508.28,9.08,4615.18,1800.38,39.01,198.28,1800.38,True,None,False,SKU-4412-MTR
517.2,9.02,4665.14,1868.94,40.06,207.2,1868.94,True,None,False,SKU-4412-MTR
526.11,8.93,4698.16,1929.86,41.08,216.11,1929.86,True,None,False,SKU-4412-MTR
535.03,8.77,4692.21,1973.51,42.06,225.03,1973.51,True,None,True,SKU-4412-MTR
543.95,8.61,4683.41,2014.31,43.01,233.95,2014.31,True,None,False,SKU-4412-MTR
552.86,8.53,4715.9,2071.6,43.93,242.86,2071.6,True,None,False,SKU-4412-MTR
561.78,8.42,4730.19,2119.99,44.82,251.78,2119.99,True,None,False,SKU-4412-MTR
570.7,8.31,4742.52,2166.42,45.68,260.7,2166.42,True,None,False,SKU-4412-MTR
579.62,8.27,4793.46,2229.76,46.52,269.62,2229.76,True,None,False,SKU-4412-MTR
588.53,8.27,4867.14,2303.44,47.33,278.53,2303.44,True,None,False,SKU-4412-MTR
597.45,8.27,4940.91,2377.21,48.11,287.45,2377.21,True,None,False,SKU-4412-MTR
606.37,8.27,5014.68,2450.98,48.88,296.37,2450.98,True,None,False,SKU-4412-MTR
615.28,8.27,5088.37,2524.67,49.62,305.28,2524.67,True,None,False,SKU-4412-MTR
624.2,8.27,5162.13,2598.43,50.34,314.2,2598.43,True,None,False,SKU-4412-MTR
633.12,8.27,5235.9,2672.2,51.04,323.12,2672.2,True,None,False,SKU-4412-MTR
642.04,8.21,5271.15,2726.05,51.72,332.04,2726.05,False,Exceeds maximum price hike (+20.0%),False,SKU-4412-MTR
779.92,6.08,4741.91,1641.11,34.61,269.92,1641.11,True,None,False,SKU-7731-SFT
796.17,6.08,4840.71,1739.91,35.94,286.17,1739.91,True,None,False,SKU-7731-SFT
812.42,6.07,4931.39,1835.69,37.22,302.42,1835.69,True,None,False,SKU-7731-SFT
828.67,6.07,5030.03,1934.33,38.46,318.67,1934.33,True,None,False,SKU-7731-SFT
844.91,6.14,5187.75,2056.35,39.64,334.91,2056.35,True,None,False,SKU-7731-SFT
861.16,6.06,5218.63,2128.03,40.78,351.16,2128.03,True,None,False,SKU-7731-SFT
877.41,6.0,5264.46,2204.46,41.87,367.41,2204.46,True,None,False,SKU-7731-SFT
893.66,5.91,5281.53,2267.43,42.93,383.66,2267.43,True,None,False,SKU-7731-SFT
909.91,5.9,5368.47,2359.47,43.95,399.91,2359.47,True,None,False,SKU-7731-SFT
926.16,5.89,5455.08,2451.18,44.93,416.16,2451.18,True,None,False,SKU-7731-SFT
942.4,5.76,5428.22,2490.62,45.88,432.4,2490.62,True,None,False,SKU-7731-SFT
958.65,5.76,5521.82,2584.22,46.8,448.65,2584.22,True,None,False,SKU-7731-SFT
974.9,5.76,5615.42,2677.82,47.69,464.9,2677.82,True,None,True,SKU-7731-SFT
991.15,5.74,5689.2,2761.8,48.54,481.15,2761.8,True,None,False,SKU-7731-SFT
1007.4,5.67,5711.96,2820.26,49.37,497.4,2820.26,True,None,False,SKU-7731-SFT
1023.64,5.67,5804.04,2912.34,50.18,513.64,2912.34,True,None,False,SKU-7731-SFT
1039.89,5.53,5750.59,2930.29,50.96,529.89,2930.29,True,None,False,SKU-7731-SFT
1056.14,5.53,5840.45,3020.15,51.71,546.14,3020.15,True,None,False,SKU-7731-SFT
1072.39,5.53,5930.32,3110.02,52.44,562.39,3110.02,True,None,False,SKU-7731-SFT
1088.64,5.53,6020.18,3199.88,53.15,578.64,3199.88,True,None,False,SKU-7731-SFT
1104.89,5.53,6110.04,3289.74,53.84,594.89,3289.74,True,None,False,SKU-7731-SFT
1121.13,5.47,6132.58,3342.88,54.51,611.13,3342.88,True,None,False,SKU-7731-SFT
1137.38,5.35,6084.98,3356.48,55.16,627.38,3356.48,False,Exceeds competitor benchmark ratio ($1128.98),False,SKU-7731-SFT
1153.63,5.35,6171.92,3443.42,55.79,643.63,3443.42,False,Exceeds competitor benchmark ratio ($1128.98),False,SKU-7731-SFT
1169.88,5.35,6258.86,3530.36,56.41,659.88,3530.36,False,"Exceeds maximum price hike (+20.0%), Exceeds competitor benchmark ratio ($1128.98)",False,SKU-7731-SFT
304.42,19.78,6021.43,1570.93,26.09,79.42,1570.93,False,Exceeds maximum price drop (-20.0%),False,SKU-8921-PRO
310.77,19.77,6143.92,1695.67,27.6,85.77,1695.67,True,None,False,SKU-8921-PRO
317.11,19.77,6269.26,1821.01,29.05,92.11,1821.01,True,None,False,SKU-8921-PRO
323.45,19.08,6171.43,1878.43,30.44,98.45,1878.43,True,None,False,SKU-8921-PRO
329.79,18.47,6091.22,1935.47,31.77,104.79,1935.47,True,None,False,SKU-8921-PRO
336.13,18.53,6228.49,2059.24,33.06,111.13,2059.24,True,None,False,SKU-8921-PRO
342.48,18.8,6438.62,2208.62,34.3,117.48,2208.62,True,None,False,SKU-8921-PRO
348.82,18.98,6620.6,2350.1,35.5,123.82,2350.1,True,None,False,SKU-8921-PRO
355.16,17.74,6300.54,2309.04,36.65,130.16,2309.04,True,None,False,SKU-8921-PRO
361.5,16.46,5950.29,2246.79,37.76,136.5,2246.79,True,None,False,SKU-8921-PRO
367.85,16.29,5992.28,2327.03,38.83,142.85,2327.03,True,None,False,SKU-8921-PRO
374.19,16.49,6170.39,2460.14,39.87,149.19,2460.14,True,None,False,SKU-8921-PRO
380.53,15.61,5940.07,2427.82,40.87,155.53,2427.82,True,None,True,SKU-8921-PRO
386.87,15.75,6093.2,2549.45,41.84,161.87,2549.45,True,None,False,SKU-8921-PRO
393.21,15.75,6193.06,2649.31,42.78,168.21,2649.31,True,None,False,SKU-8921-PRO
399.56,15.57,6221.15,2717.9,43.69,174.56,2717.9,True,None,False,SKU-8921-PRO
405.9,15.38,6242.74,2782.24,44.57,180.9,2782.24,True,None,False,SKU-8921-PRO
412.24,15.25,6286.66,2855.41,45.42,187.24,2855.41,True,None,False,SKU-8921-PRO
418.58,15.25,6383.34,2952.09,46.25,193.58,2952.09,True,None,False,SKU-8921-PRO
424.93,14.99,6369.7,2996.95,47.05,199.93,2996.95,True,None,False,SKU-8921-PRO
431.27,14.75,6361.23,3042.48,47.83,206.27,3042.48,True,None,False,SKU-8921-PRO
437.61,14.73,6446.0,3131.75,48.58,212.61,3131.75,True,None,False,SKU-8921-PRO
443.95,14.73,6539.38,3225.13,49.32,218.95,3225.13,True,None,False,SKU-8921-PRO
450.29,14.73,6632.77,3318.52,50.03,225.29,3318.52,True,None,False,SKU-8921-PRO
456.64,14.73,6726.31,3412.06,50.73,231.64,3412.06,False,Exceeds maximum price hike (+20.0%),False,SKU-8921-PRO
